<?xml version="1.0"?>
<pagescount>
	<html_total>123</html_total>
	<html_done>123</html_done>
	<images>31</images>
	<script>14</script>
	<css>8</css>
	<pdf/>
	<documents/>
	<excel/>
	<powerpoint/>
	<flash/>
	<audios/>
	<videos/>
	<xml/>
	<json/>
	<txt/>
	<autocad/>
	<fonts>27</fonts>
	<scraping_reload>1</scraping_reload>
	<is_pretty_url>false</is_pretty_url>
	<is_ebn>false</is_ebn>
	<email>chandu.prince.clan@gmail.com</email>
	<theme_name>WmdTheme462683</theme_name>
	<server_url_front_page>https://www6.waybackmachinedownloader.com/wdo/files/demo/smarthr.dreamguystech.com_chandu.prince.clan_gmail.com_ovkm1pbar2/</server_url_front_page>
	<no_www_url>smarthr.dreamguystech.com</no_www_url>
	<hosted_domain/>
	<original_archive_url>https://smarthr.dreamguystech.com/smarthr-laravel/html-template/light/video-call.html</original_archive_url>
	<final_archive_url>https://smarthr.dreamguystech.com/smarthr-laravel/html-template/light/video-call.html</final_archive_url>
	<front_page_code_date/>
	<total_urls_from_api/>
	<max_reached_live>false</max_reached_live>
	<scrape_other_captures>false</scrape_other_captures>
	<total_size>7204</total_size>
</pagescount>
